<?xml version="1.0" encoding="UTF-8"?><idempiere Name="kdb.kanbanchanges" Version="9.1.2" idempiereVersion="" DataBaseVersion="" Description="" Author="" AuthorEmail="" CreatedDate="2023-06-28 09:35:42.019" UpdatedDate="2023-06-28 09:37:40.657" PackOutVersion="100" UpdateDictionary="false" Client="0-SYSTEM-System" AD_Client_UU="11237b53-9592-4af1-b3c5-afd216514b5d">
    <AD_Message type="table">
        <AD_Client_ID>0</AD_Client_ID>
        <AD_Org_ID>0</AD_Org_ID>
        <MsgType>E</MsgType>
        <MsgText>When filled in SQL column, it is not possible to inform Column List or Column Table.</MsgText>
        <MsgTip/>
        <AD_Org_ID reference="id">0</AD_Org_ID>
        <IsActive>Y</IsActive>
        <Value>KDB_SaveErrorColumnSql</Value>
        <EntityType>KDB</EntityType>
        <AD_Message_UU>91d60e4c-60dd-44fc-9e63-14ec65d0b4cd</AD_Message_UU>
        <AD_Message_Trl type="translation">
            <MsgText>Cuando se completa la columna SQL, no es posible informar la lista de columnas o la tabla de columnas.</MsgText>
            <MsgTip/>
            <AD_Language>es_CO</AD_Language>
            <IsActive>Y</IsActive>
            <IsTranslated>Y</IsTranslated>
        </AD_Message_Trl>
        <AD_Message_Trl type="translation">
            <MsgText>Quando preenchida em coluna SQL, não é possível informar Lista de Colunas ou Tabela de Colunas.</MsgText>
            <MsgTip/>
            <AD_Language>pt_BR</AD_Language>
            <IsActive>Y</IsActive>
            <IsTranslated>Y</IsTranslated>
        </AD_Message_Trl>
    </AD_Message>
    <AD_Message type="table">
        <AD_Client_ID>0</AD_Client_ID>
        <AD_Org_ID>0</AD_Org_ID>
        <MsgType>E</MsgType>
        <MsgText>The data that you are trying to modify cannot be changed because there are statuses already configured for this Kanban Board.</MsgText>
        <MsgTip/>
        <AD_Org_ID reference="id">0</AD_Org_ID>
        <IsActive>Y</IsActive>
        <Value>KDB_SaveErrorStatuses</Value>
        <EntityType>KDB</EntityType>
        <AD_Message_UU>6312b3af-8fcc-4124-9445-149470a62f88</AD_Message_UU>
        <AD_Message_Trl type="translation">
            <MsgText>Las columnas que ustes está intentando cambiar no se puede modificar ya que hay estados configurados para este Tablero Kanban.</MsgText>
            <MsgTip/>
            <AD_Language>es_CO</AD_Language>
            <IsActive>Y</IsActive>
            <IsTranslated>Y</IsTranslated>
        </AD_Message_Trl>
        <AD_Message_Trl type="translation">
            <MsgText>Os dados que você está tentando modificar não podem ser alterados porque já existem status configurados para este Quadro Kanban.</MsgText>
            <MsgTip/>
            <AD_Language>pt_BR</AD_Language>
            <IsActive>Y</IsActive>
            <IsTranslated>Y</IsTranslated>
        </AD_Message_Trl>
    </AD_Message>
</idempiere>
